{
  "model_type": "Multiple Linear Regression",
  "equation": "G3 = -1.8300 + 0.1533 * G1 + 0.9869 * G2",
  "coefficients": {
    "intercept": -1.8300121405807337,
    "G1": 0.15326858528068074,
    "G2": 0.9868668387417147
  },
  "metrics": {
    "mse": 3.703533880522211,
    "rmse": 1.9244567754361777,
    "r2": 0.823106166290698,
    "n_samples": 395
  }
}